Company Name,Company Website,Product Name,Description,Category,Pricing,Product URL,Features,Source
Choose 2 Rent,https://choose2rent.com,Paper Badge Printers,Printers for creating paper badges for events.,Hardware,Paid,,Supports paper badge printing | Compatible with event registration systems | Easy to use,multi_strategy
Choose 2 Rent,https://choose2rent.com,Plastic Badge Printers,Printers for creating durable plastic badges for events.,Hardware,Paid,,High-quality plastic badge printing | Durable and professional output | Easy setup and operation,multi_strategy
Choose 2 Rent,https://choose2rent.com,Adhesive Badge Printers,Printers for creating adhesive badges for events.,Hardware,Paid,,Adhesive badge printing | Quick and efficient | User-friendly design,multi_strategy
Choose 2 Rent,https://choose2rent.com,Wristband Printers,Printers for creating event wristbands.,Hardware,Paid,,Wristband printing | Customizable designs | Durable wristbands,multi_strategy
Choose 2 Rent,https://choose2rent.com,RFID/UHF Encoder Printers,Printers with RFID/UHF encoding capabilities for event badges.,Hardware,Paid,,RFID/UHF encoding | Secure badge printing | Supports advanced event technologies,multi_strategy
Choose 2 Rent,https://choose2rent.com,Laser Printers,Laser printers for high-quality event printing needs.,Hardware,Paid,,High-speed printing | Sharp and clear output | Reliable performance,multi_strategy
Choose 2 Rent,https://choose2rent.com,Brother Printers,Brother brand printers for event badge printing.,Hardware,Paid,,Reliable brand | High-quality printing | Easy to use,multi_strategy
Choose 2 Rent,https://choose2rent.com,Epson Printers,Epson brand printers for event badge printing.,Hardware,Paid,,Trusted brand | High-quality output | User-friendly operation,multi_strategy
Choose 2 Rent,https://choose2rent.com,Zebra Printers,Zebra brand printers for event badge printing.,Hardware,Paid,,Durable and reliable | High-speed printing | Ideal for events,multi_strategy
Choose 2 Rent,https://choose2rent.com,Tablet PC & iPads,Tablet PCs and iPads for event use.,Hardware,Paid,,Portable and versatile | Supports event registration apps | High-resolution screens,multi_strategy
Choose 2 Rent,https://choose2rent.com,Mobile Internet,Mobile internet devices for connectivity at events.,Hardware,Paid,,Reliable internet connection | Portable | Supports multiple devices,multi_strategy
Choose 2 Rent,https://choose2rent.com,Laptops,Laptops for event management and operations.,Hardware,Paid,,High-performance laptops | Ideal for event operations | Easy to set up,multi_strategy
Choose 2 Rent,https://choose2rent.com,Phones,Phones for communication during events.,Hardware,Paid,,Portable communication devices | Reliable connectivity | Easy to use,multi_strategy
Choose 2 Rent,https://choose2rent.com,Scanners,Scanners for event check-in and badge scanning.,Hardware,Paid,,Fast scanning | Accurate data capture | Supports various badge types,multi_strategy
Choose 2 Rent,https://choose2rent.com,BadgeBox™,Badge printing and management device for events.,Hardware,Paid,,On-demand badge printing | Compact design | Easy to use,multi_strategy
Choose 2 Rent,https://choose2rent.com,Event Kiosk,Kiosk for event registration and check-in.,Hardware,Paid,,Streamlines event registration | User-friendly interface | Customizable branding,multi_strategy
Choose 2 Rent,https://choose2rent.com,Event Kiosk Pro™,Advanced event kiosk with enhanced features.,Hardware,Paid,,Advanced functionality | Custom branding options | Efficient event check-in,multi_strategy
Choose 2 Rent,https://choose2rent.com,Desk Stands,Desk stands for event devices.,Accessories,Paid,,Stable and durable | Supports various devices | Compact design,multi_strategy
Choose 2 Rent,https://choose2rent.com,Floor Stands,Floor stands for event devices.,Accessories,Paid,,Sturdy and adjustable | Ideal for kiosks and tablets | Easy to assemble,multi_strategy
Choose 2 Rent,https://choose2rent.com,Covers and Cases,Protective covers and cases for event devices.,Accessories,Paid,,Durable material | Protects devices | Customizable options,multi_strategy
Choose 2 Rent,https://choose2rent.com,Power Banks,Portable power banks for charging devices at events.,Accessories,Paid,,Portable charging | High capacity | Compatible with various devices,multi_strategy
Choose 2 Rent,https://choose2rent.com,Custom Branding,Custom branding options for event equipment.,Service,Paid,,Customizable designs | Brand integration | Professional appearance,multi_strategy
Choose 2 Rent,https://choose2rent.com,Event Support Service,On-site and virtual support for event equipment setup and operation.,Service,Paid,,On-site technicians | 24/7 support | Setup assistance,multi_strategy
Choose 2 Rent,https://choose2rent.com,Insurance Plan,Insurance coverage for rented event equipment.,Service,Paid,,Equipment protection | Peace of mind | Affordable coverage,multi_strategy
Choose 2 Rent,https://choose2rent.com,Eco-Friendly Lanyards,Environmentally friendly lanyards for events.,Accessories,Paid,,Metal-free design | Sustainable materials | Available in single or double clip,multi_strategy
Choose 2 Rent,https://choose2rent.com,IntelliBadge,Innovative badge printing solution for events.,Hardware,Paid,,Smart badge printing | Efficient and fast | Customizable options,multi_strategy
Choose 2 Rent,https://choose2rent.com,Badge Paper,Paper supplies for badge printing.,Accessories,Paid,,High-quality paper | Compatible with badge printers | Durable and professional,multi_strategy
Choose 2 Rent,https://choose2rent.com,Badge Holders,Holders for event badges.,Accessories,Paid,,Durable material | Various sizes available | Protects badges,multi_strategy
Choose 2 Rent,https://choose2rent.com,Epson Printer Rental,"High-performance Epson printers for on-demand, full-color event name badge printing.",Service,Request a quote,,"Vibrant, fade-resistant prints | Easy setup and operation | On-demand printing for time-saving | Seamless integration with event registration software | Custom branding for logos and designs",multi_strategy
Choose 2 Rent,https://choose2rent.com,Epson ColorWorks C3500,"A high-performance printer for medium-sized conferences, offering sharp resolution and custom color printing.",Hardware,Request a quote,,"4 inches per second print speed | 720 x 360 dpi sharp resolution | Matte, individual CMYK cartridges with DURABrite Ultra pigment inks | USB and Ethernet connectivity | Supports paper, synthetic, and hybrid fanfold name badges",multi_strategy
Choose 2 Rent,https://choose2rent.com,Epson ColorWorks C4000,"A premium printer for corporate events, providing ultra-high resolution and custom color printing.",Hardware,Request a quote,,"4 inches per second print speed | 600 x 600 dpi ultra-high resolution | Matte PrecisionCore pigment ink | USB, Ethernet, and optional Wi-Fi connectivity | Supports paper, synthetic, and hybrid fanfold name badges",multi_strategy
Choose 2 Rent,https://choose2rent.com,Badge Supplies,A wide range of badge supplies for events.,Hardware,Paid,,Paper badges | Plastic badges | Adhesive badges | Wristbands | RFID/UHF encoders,multi_strategy
Choose 2 Rent,https://choose2rent.com,Tablets and iPads,Tablet PCs and iPads for event use.,Hardware,Request a quote,,Portable and lightweight | Supports event registration | Compatible with event software | High-resolution displays | User-friendly interface,multi_strategy
Choose 2 Rent,https://choose2rent.com,Zebra ZD420 Series,"A Zebra printer for on-site badge printing, ideal for small to medium-sized events.",Hardware,Paid,,"Supports paper, tear-resistant, and synthetic badge media | Prints up to 1,800 name badges per hour | Ink-free direct thermal printing in black | USB and Ethernet connectivity | Best for events up to 800 attendees",multi_strategy
Choose 2 Rent,https://choose2rent.com,Zebra ZD620 Series,"A Zebra printer for on-site badge printing, suitable for medium-sized events.",Hardware,Paid,,"Supports paper, tear-resistant, and synthetic badge media | Prints up to 500 name badges per hour | Ink-free direct thermal and traditional ink printing | USB and Ethernet connectivity | Best for events up to 1,000 attendees",multi_strategy
Choose 2 Rent,https://choose2rent.com,Zebra ZD621 Series,"A Zebra printer for on-site badge printing, designed for large events.",Hardware,Paid,,"Supports paper, tear-resistant, and synthetic badge media | Prints up to 500 name badges per hour | Ink-free direct thermal printing with cutter included | USB, Ethernet, WiFi, and Bluetooth connectivity | Best for events up to 3,000 attendees",multi_strategy
Choose 2 Rent,https://choose2rent.com,Zebra ZC10L Large-Format,"A Zebra printer for large-format PVC name badges, ideal for VIP events.",Hardware,Paid,,"Supports PVC badge media | Prints up to 195 name badges per hour | Dye-sublimation printing with cutter included | USB connectivity | Best for VIP events up to 2,000 attendees",multi_strategy
Choose 2 Rent,https://choose2rent.com,Event Kiosk Pro,An advanced event registration kiosk for seamless check-in and branding.,Hardware,Paid,,All-in-one event registration solution | Fully brandable | Compatible with Zebra printers | Streamlines check-in process | Saves space and time,multi_strategy
TransPerfect Live,https://transperfect.com,GlobalLink,"A Global Performance Platform™ that combines generative AI, content management, and native integrations to centralize and simplify content strategy while reducing localization and project management costs.",Platform,Contact for pricing,https://www.transperfect.com/globallink,Generative AI integration | Time-saving content management | Native integrations with 80+ platforms | Reduces localization and project management costs by up to 50% | Accelerates go-to-market timelines by 50%,multi_strategy
TransPerfect Live,https://transperfect.com,eClinical Solutions,"Advanced solutions for life sciences to accelerate development timelines, streamline product launches, and reduce R&D costs.",Service,Contact for pricing,,Accelerates development timelines | Streamlines product launches | Reduces R&D costs by up to 40% | Utilizes advanced AI capabilities | Tailored for life sciences industry,multi_strategy
TransPerfect Live,https://transperfect.com,AI-Powered Content Programs,"Tailor-made solutions to create impactful in-language experiences that drive results, combining services, technology, consulting, and expertise.",Service,Contact for pricing,,"Customizable content programs | Supports global audience engagement | Combines services, technology, and consulting | Focus on efficiency and impact | Optimized for multiple regions and audiences",multi_strategy
TransPerfect Live,https://transperfect.com,Video Game Localization Solutions,Expert localization services to help gaming companies reach and retain players worldwide.,Service,Contact for pricing,,Expert video game localization | Supports global player engagement | Enhances gaming experience | Tailored for gaming industry | Focus on cultural adaptation,multi_strategy
TransPerfect Live,https://transperfect.com,Media Creation and Globalization Solutions,Services to elevate storytelling for global audiences through media creation and localization.,Service,Contact for pricing,,Media creation services | Globalization solutions | Enhances storytelling for global audiences | Supports media and entertainment industry | Focus on cultural relevance,multi_strategy
TransPerfect Live,https://transperfect.com,Legal Technology and Language Services,Best-in-class legal technology and language services to support global litigation and discovery strategies.,Service,Contact for pricing,,Supports global litigation strategies | Discovery services | Legal technology solutions | Language services for legal industry | Focus on compliance and accuracy,multi_strategy
TransPerfect Live,https://transperfect.com,Retail and E-Commerce Solutions,AI-powered technology to maintain brand consistency and deliver impactful customer communication across markets.,Service,Contact for pricing,,Maintains brand consistency | AI-powered technology | Impactful customer communication | Protects brand equity | Optimized for retail and e-commerce,multi_strategy
TransPerfect Live,https://transperfect.com,Travel and Hospitality Solutions,Services to boost bookings and build brand loyalty by delivering personalized customer experiences throughout the travel journey.,Service,Contact for pricing,,Boosts bookings | Builds brand loyalty | Personalized customer experiences | Optimized for travel industry | Focus on customer engagement,multi_strategy
TransPerfect Live,https://transperfect.com,Finance and Banking Solutions,"Solutions to ensure secure data handling, regulatory compliance, and customer satisfaction for the finance and banking industry.",Service,Contact for pricing,,Secure data handling | Regulatory compliance | Customer satisfaction focus | Optimized for finance and banking | Global reach and support,multi_strategy
TransPerfect Live,https://transperfect.com,Digital Marketing and Advertising Solutions,Services to provide powerful and relevant content to international marketplaces.,Service,Contact for pricing,,Powerful content creation | Relevance for international markets | Supports marketing and advertising | Focus on global reach | Optimized for digital platforms,multi_strategy
Eventpack,https://eventpack.com,No products found,,,,,,no_products_found
Fenix Event Tech,,No products found,,,,,,none
IMEX Group,https://imexexhibitions.com,IMEX Frankfurt,"A global event bringing the meetings and events community together for business, learning, and positive change.",Event,Not mentioned,https://www.imex-frankfurt.com,Global events community gathering | Business networking opportunities | Educational sessions | Advancing the events industry | Focus on sustainable practices,multi_strategy
IMEX Group,https://imexexhibitions.com,IMEX America,An event held in Las Vegas to connect the global meetings and events community.,Event,Not mentioned,https://www.imexamerica.com,Networking opportunities | Educational sessions | Hosted buyer programs | Industry partnerships | Focus on environmental and social progress,multi_strategy
IMEX Group,https://imexexhibitions.com,IMEXscoop,A news platform providing updates and insights from IMEX events.,Service,Free,https://www.imexscoop.com,Event updates | Industry insights | News coverage | Focus on trends | Accessible information for professionals,multi_strategy
IMEX Group,https://imexexhibitions.com,IMEXfiles,"A subscription-based service offering thought-provoking ideas, insights, and inspiration from IMEX HQ.",Service,Free,https://www.imexfiles.com,Regular updates | Professional development resources | Industry trends and research | Event planning tips | Inspiration for event professionals,multi_strategy
ExpoPlatform,https://expoplatform.com,Smart Event Platform,"An all-in-one platform for designing custom event experiences for in-person, virtual, or hybrid audiences.",Platform,Not mentioned,,AI-powered Matchmaking | Hosted Buyer Programmes | Smart Event app with Lead Intelligence | Website Builder | Interactive Floorplan,multi_strategy
ExpoPlatform,https://expoplatform.com,Sustainability Programme,A programme to reduce event carbon footprint and plant trees.,Service,Not mentioned,,Carbon footprint reduction | Tree planting,multi_strategy
ExpoPlatform,https://expoplatform.com,Lead Intelligence,Combines seamless lead retrieval with advanced exhibitor ROI dashboards.,Platform,Not mentioned,,Mobile App lead retrieval | Visitor and product QR code scanning | Real-time analytics for sponsors | Exhibitor ROI dashboards,multi_strategy
ExpoPlatform,https://expoplatform.com,Marketplaces and Tendering,Connects buyers and sellers through marketplaces and tendering solutions.,Platform,Not mentioned,,Supplier Marketplaces | Tendering | Year-round Matchmaking,multi_strategy
ExpoPlatform,https://expoplatform.com,Community Engagement Tools,Tools to connect and engage communities year-round.,Platform,Not mentioned,,News | On-demand Content | Community Groups | Data and insights generation,multi_strategy
ExpoPlatform,https://expoplatform.com,Exhibitor Manual,Offers easy onboarding and monetisation for exhibitors.,Platform,Not mentioned,,Easy onboarding | Monetisation opportunities,multi_strategy
ExpoPlatform,https://expoplatform.com,Speed Networking Platform,"A platform designed to fuel quality connections among participants through short, fast-paced meetings.",Platform,Not mentioned,,"Short, fast-paced meetings | Quality connections",multi_strategy
FFAIR,https://ffair.com,No products found,,,,,,no_products_found
Cvent,https://cvent.com,Cvent Attendee Hub,"Platform for creating interactive experiences for any event, including virtual, hybrid, and in-person events.",Platform,Contact for pricing,https://www.cvent.com,"Interactive event experiences | Support for virtual, hybrid, and in-person events | Engagement tools | Customizable event content | Real-time analytics",multi_strategy
Cvent,https://cvent.com,Cvent Supplier Network,"Platform for finding and sourcing event venues, connecting planners with venues worldwide.",Platform,Contact for pricing,https://www.cvent.com/supplier-network,Venue search | Global venue database | Direct venue communication | Event space comparison | Venue recommendations,multi_strategy
Cvent,https://cvent.com,Event Registration,"Tool for managing event registrations, including customizable forms and attendee tracking.",Tool,Contact for pricing,https://www.cvent.com,Customizable registration forms | Attendee tracking | Payment processing | Automated confirmations | Integration with event platforms,multi_strategy
Cvent,https://cvent.com,Mobile Apps,Customizable mobile applications for enhancing attendee engagement and event experiences.,Mobile Application,Contact for pricing,https://www.cvent.com,Custom branding | Event agenda access | Networking tools | Push notifications | Live polling,multi_strategy
Cvent,https://cvent.com,Check-in & Badging,Solution for streamlining event check-in and attendee badging processes.,Tool,Contact for pricing,https://www.cvent.com,On-site check-in | Badge printing | QR code scanning | Attendance tracking | Integration with registration tools,multi_strategy
Cvent,https://cvent.com,Webinar Platform,Platform for hosting interactive webinars with tools for engagement and analytics.,Platform,Free for hosting webinars,https://www.cvent.com,Live streaming | Audience engagement tools | Polls and Q&A | Analytics and reporting | Custom branding,multi_strategy
Cvent,https://cvent.com,Venue Sourcing,"Service for sourcing and selecting venues for events, including comparison tools and recommendations.",Service,Contact for pricing,https://www.cvent.com,Venue comparison | Recommendations based on event needs | Direct communication with venues | Global venue database | Integration with event planning tools,multi_strategy
Cvent,https://cvent.com,Repeatable Events,Solution for managing recurring events with templates and automation tools.,Tool,Contact for pricing,https://www.cvent.com,Event templates | Automation for recurring events | Customizable workflows | Integration with registration tools | Analytics and reporting,multi_strategy
enviricard®,,No products found,,,,,,none
4Wall,https://europe.4wall.com,Rentals,"Provides rental services for video, lighting, and rigging equipment for various events and productions.",Service,Paid,,"Latest video and lighting equipment | Support for exhibitions, trade shows, concerts, and more | Available in the UK, Europe, and the US | Scalable for events of any size | Full-service support",multi_strategy
4Wall,https://europe.4wall.com,Trade,"Offers sales of new and used stage lighting, moving lights, truss equipment, and video equipment.",Service,Paid,,Used stage lighting and moving lights | Used truss and video equipment | New lighting equipment | Weekly specials on products | Available in multiple locations,multi_strategy
4Wall,https://europe.4wall.com,Production Spaces,"Provides production spaces for virtual and hybrid events, including Studio 19 with extended reality technology.",Service,Paid,,Studio 19 with extended reality technology | Green screen and virtual production capabilities | Located in London's Royal Lancaster hotel | Secure environment for events | Supports bespoke virtual and hybrid events,multi_strategy
4Wall,https://europe.4wall.com,AV Integration,Offers audiovisual integration services for various projects and events.,Service,Paid,,Custom AV solutions | Supports diverse project requirements | Expert team for integration | Scalable for events of any size | Available in multiple locations,multi_strategy
4Wall,https://europe.4wall.com,Innovation,Focuses on providing innovative solutions and technologies for events and productions.,Service,Paid,,"Cutting-edge technology | Tailored solutions for events | Focus on creativity and innovation | Supports a variety of industries | Available in the UK, Europe, and the US",multi_strategy
4Wall,https://europe.4wall.com,Used Stage Lighting,Sales of pre-owned stage lighting equipment.,Hardware,Paid,,Wide range of used stage lighting | Cost-effective options | High-quality equipment | Available for purchase | Suitable for various events,multi_strategy
4Wall,https://europe.4wall.com,Used Moving Lights,Sales of pre-owned moving lights for events and productions.,Hardware,Paid,,Wide range of used moving lights | Cost-effective options | High-quality equipment | Available for purchase | Suitable for various productions,multi_strategy
4Wall,https://europe.4wall.com,Used Truss Equipment,Sales of pre-owned truss equipment for event setups.,Hardware,Paid,,Wide range of used truss equipment | Cost-effective options | High-quality equipment | Available for purchase | Suitable for various setups,multi_strategy
4Wall,https://europe.4wall.com,Used Video Equipment,Sales of pre-owned video equipment for events and productions.,Hardware,Paid,,Wide range of used video equipment | Cost-effective options | High-quality equipment | Available for purchase | Suitable for various productions,multi_strategy
4Wall,https://europe.4wall.com,New Lighting Equipment,Sales of brand-new lighting equipment for events and productions.,Hardware,Paid,,Wide range of new lighting equipment | High-quality products | Available for purchase | Suitable for various events | Latest technology,multi_strategy
4Wall,https://europe.4wall.com,Studio 19,"A virtual production studio featuring extended reality technology, green screen, and virtual production capabilities.",Service,Paid,,Extended reality technology | Green screen capabilities | Virtual production support | Located in London's Royal Lancaster hotel | Secure environment for bespoke events,multi_strategy
Braindate,https://braindate.com,Braindate Experience,"A platform where users can create, host, and join one-on-one and group conversations on topics they want to discuss, enabling knowledge sharing and learning either in person or online.",Platform,Contact for pricing,,Crowdsourced knowledge through attendee-generated topics | Topic-driven intentional meetings | Hosted in-person support and guidance | Facilitates both in-person and online interactions | Supports one-on-one and group conversations,multi_strategy
Braindate,https://braindate.com,Braindate Event,"A Braindate experience activated at global events to engage attendees at user conferences, sales kickoffs, and roadshows.",Service,Contact for pricing,,"Engages attendees at global events | Supports user conferences, sales kickoffs, and roadshows | Facilitates meaningful peer-learning conversations | Provides actionable audience data | Seamlessly integrates with event tech stack",multi_strategy
Braindate,https://braindate.com,Braindate Gathering,"A recurring, theme-based Braindate experience designed for ongoing engagement to keep communities connected between events.",Service,Contact for pricing,,Recurring and theme-based experiences | Keeps communities connected between events | Encourages ongoing engagement | Facilitates meaningful conversations | Supports both in-person and online interactions,multi_strategy
Braindate,https://braindate.com,Braindate Organizer Space,An admin dashboard for managing Braindate experiences and accessing real-time data.,Platform,Contact for pricing,,Admin dashboard for event management | Access to real-time audience data | Customizable event settings | Integration with event tech stack | Streamlined management of Braindate experiences,multi_strategy
Erleah,https://erleah.com,Erleah Intelligent AI Event Assistant,A multi-channel intelligent AI assistant designed to enhance B2B event experiences for attendees and organizers.,Service,Not mentioned,,Personal AI guide for attendees | Intelligent session recommendations | Real-time ROI tracking for organizers | Smart networking connections | Year-round engagement metrics,multi_strategy
Erleah,https://erleah.com,Intelligent Landing Pages,"AI-powered landing pages that respond to visitor questions, personalize value propositions, and capture intent to boost registrations.",Service,Not mentioned,,AI responds to visitor questions | Personalizes value propositions | Captures visitor intent | 3x registration rate | 70% reduction in bounce rate,multi_strategy
Erleah,https://erleah.com,Pre-Event Activation,"A solution to warm up exhibitor leads, build anticipation, and schedule meetings before events.",Service,Not mentioned,,Warm up exhibitor leads | Build anticipation for events | Schedule meetings | 60% lower no-shows | 5x pre-event engagement,multi_strategy
Erleah,https://erleah.com,Live Intelligence,"Real-time event intelligence to guide attendees, track interactions, and prove outcomes.",Service,Not mentioned,,Real-time attendee guidance | Track every interaction | Prove event outcomes | 2.5x more qualified leads | 90% attendee satisfaction,multi_strategy
Erleah,https://erleah.com,Continuous Value,"A post-event solution to nurture relationships, share insights, and lock in rebookings.",Service,Not mentioned,,Nurture relationships year-round | Share actionable insights | Lock in rebookings | 40% increase in rebooking rates | 12-month engagement,multi_strategy
Erleah,https://erleah.com,AI-Powered Networking,A module that matches attendees with the right people at the right time using AI.,Service,Not mentioned,,AI-powered attendee networking | Matches the right people at the right time | 5x better connections | Improves networking efficiency | Enhances attendee experience,multi_strategy
Erleah,https://erleah.com,Intelligent Exhibitor Matching,A feature that guides prospects to the perfect solutions through intelligent exhibitor matching.,Service,Not mentioned,,Guides prospects to perfect solutions | 2.5x more qualified leads | Improves exhibitor ROI | Enhances attendee satisfaction | Drives exhibitor engagement,multi_strategy
Erleah,https://erleah.com,Smart Session Recommendations,A module that ensures full rooms of engaged attendees through intelligent session recommendations.,Service,Not mentioned,,Smart session recommendations | Ensures full rooms of engaged attendees | 85% session ROI improvement | Enhances attendee learning | Optimizes session participation,multi_strategy
Erleah,https://erleah.com,AI Summarization,A feature that provides personalized content summaries so attendees never miss key insights.,Service,Not mentioned,,AI-generated content summaries | Ensures attendees never miss key insights | Improves content value by 100% | Enhances attendee knowledge retention | Supports post-event content review,multi_strategy
Erleah,https://erleah.com,24/7 Intelligent Assistance,A feature that provides intelligent assistance across all channels to reduce support costs.,Service,Not mentioned,,24/7 intelligent assistance | Supports attendees across all channels | 70% reduction in support costs | Improves attendee satisfaction | Enhances event experience,multi_strategy
Eventbase,https://eventbase.com,Eventbase Event App Platform,"A mobile event technology platform trusted by global brands to power event apps for conferences, roadshows, meetings, trade shows, festivals, and sports events.",Platform,"Enterprise-grade, pricing not mentioned",,"Customizable app design and branding capabilities | Exceptional user experience and usability testing | ISO 27001 certified for data security | Integration with event registration systems and tech partners | Supports large-scale events like Olympics, SXSW, and CES",multi_strategy
Eventbase,https://eventbase.com,Discover by Eventbase,"A personalized first screen feature for event mobile apps, allowing tailored experiences for attendees before, during, and after events.",Feature,Pricing not mentioned,,Personalized attendee experiences | Customizable screens for different event stages | Tailored sequences for attendee groups | Pre-scheduled transitions | Enhances event personalization,multi_strategy
Eventbase,https://eventbase.com,Event Tech Integrations,Standardized and custom API integrations with various event technology partners to streamline event data flow and enhance attendee experience.,Service,Pricing not mentioned,,Integrates with meeting booking tools | Supports attendee networking platforms | Personalized recommendation systems | Standardized and custom API integrations | Seamless event data flow,multi_strategy
First Sight Media,https://firstsight.media,Event Creation,"Comprehensive event creation services for virtual, hybrid, and in-person events.",Service,Not mentioned,,"Support for conferences, exhibitions, webinars, graduations, and product launches | End-to-end technical production service | Custom set, lighting, and sound provision | Focus on delivering exceptional audience experiences | Expertise in live environments",multi_strategy
First Sight Media,https://firstsight.media,Video Production and Streaming Services,Professional video production and streaming services for events.,Service,Not mentioned,,High-quality video production | Live streaming for events | Captures key moments and enhances storytelling | Supports events with large international audiences | Enhances event quality and audience reach,multi_strategy
First Sight Media,https://firstsight.media,Content Creation for Events,"Content creation services tailored for events such as conferences, exhibitions, and more.",Service,Not mentioned,,Custom content for events | Focus on amplifying event reach | Expert advice and agile solutions | Support for event storytelling | Helps communicate key messages effectively,multi_strategy
Interprefy,https://interprefy.com,Human Interpretation,Provides spoken or signed interpretation from online professional interpreters for multilingual meetings and events.,Service,Tailored pricing,https://www.interprefy.com,"Professional interpreters | Supports multilingual meetings | Real-time interpretation | Seamless integration with AV setups | Accessible for in-person, online, and hybrid events",multi_strategy
Interprefy,https://interprefy.com,AI Speech Translation,"Delivers real-time, secure, and reliable speech translation using cutting-edge AI technology.",Service,Tailored pricing,https://www.interprefy.com,Real-time AI-powered translation | Secure and reliable technology | Supports multiple languages | Integration with event platforms | Enhances multilingual event engagement,multi_strategy
Interprefy,https://interprefy.com,Live Captions & Subtitles,Generates high-quality closed captions and subtitles in over 6000 language combinations using AI-powered technology.,Service,Tailored pricing,https://www.interprefy.com,AI-powered captioning technology | Supports over 6000 language combinations | High-quality closed captions | Improves accessibility for events | Real-time subtitle generation,multi_strategy
Interprefy,https://interprefy.com,Media Services,Provides secure access to event recordings with options for raw or professionally edited content.,Service,Tailored pricing,https://www.interprefy.com,Secure access to recordings | Raw or professionally edited content | Guaranteed privacy | Flexible media options | Supports post-event content needs,multi_strategy
Interprefy,https://interprefy.com,Interprefy Agent,A multilingual tool that can be invited like any guest to provide seamless multilingual accessibility.,Platform,Tailored pricing,https://www.interprefy.com,Multilingual accessibility | Easy integration | Supports multiple languages | Seamless guest invitation | Improves event inclusivity,multi_strategy
Komo,https://komo.tech,Engagement OS,"A modular platform built for marketers to unify engagement tools, launch interactive content, capture customer data, trigger rewards, and run loyalty programs.",Platform,Try for free / Paid / Enterprise,,Interactive content creation | Customer data capture and personalization | Rewards and loyalty program management | Unified engagement across channels | AI-powered system,multi_strategy
Komo,https://komo.tech,Reach,Distribute experiences across digital and physical touchpoints to maximize visibility and engagement.,Platform,,,"Multi-channel distribution | Audience targeting | Maximized visibility before, during, and after engagement",multi_strategy
Komo,https://komo.tech,Interactive Content,"Create interactive games, content, and competitions to drive audience engagement and repeat participation.",Platform,,,Interactive games and competitions | Content designed for engagement | Repeat participation and meaningful connections,multi_strategy
Komo,https://komo.tech,Customer Intelligence,"Capture customer insights through smart forms and surveys embedded in interactions, feeding real-time responses into unified profiles.",Platform,,,Smart forms and surveys | Real-time data capture | Unified customer profiles | Automation and personalized engagement,multi_strategy
Komo,https://komo.tech,Rewards & Redemption,"Reward customer participation with digital coupons, cash cards, and instant prizes, automating delivery and fulfillment.",Platform,,,Digital coupons and instant prizes | Automated reward delivery | Streamlined fulfillment | Encourages repeat engagement,multi_strategy
Komo,https://komo.tech,Loyalty,"Create loyalty programs with rewards, badges, and personalized experiences to deepen relationships and increase retention.",Platform,,,Engagement-based loyalty programs | Customizable rewards and badges | Personalized experiences | Improved customer retention,multi_strategy
Komo,https://komo.tech,Sites & Hosting,"Launch mobile-optimized microsites without coding, creating branded experiences that scale effortlessly.",Platform,,,Mobile-optimized microsites | No-code site creation | Branded and scalable experiences,multi_strategy
Komo,https://komo.tech,CRM,Customer relationship management tools integrated into the Engagement OS for seamless data management.,Platform,,,Integrated CRM functionality | Streamlined customer data management,multi_strategy
Komo,https://komo.tech,Workflow Engine,Automate workflows and processes within the Engagement OS to improve efficiency.,Platform,,,Workflow automation | Improved efficiency,multi_strategy
Komo,https://komo.tech,Compliance & Security,"Tools for GDPR and CCPA compliance, with SOC 2 and ISO 27001 audits in progress, ensuring global scalability and data security.",Service,,,GDPR and CCPA compliance | SOC 2 and ISO 27001 audits | Built-in consent and security tools,multi_strategy
Komo,https://komo.tech,Integrations,Connect with external tools and systems to streamline workflows and enhance functionality.,API,,,Seamless tool integrations | Enhanced functionality,multi_strategy
Komo,https://komo.tech,Analytics & Insights,Tools to analyze engagement data and gain actionable insights for decision-making.,Platform,,,Comprehensive analytics | Actionable insights,multi_strategy
Komo,https://komo.tech,Kai AI,"An AI-powered tool to create campaigns in minutes, simplifying the campaign creation process.",SaaS,,,AI-powered campaign creation | Quick setup,multi_strategy
Lineup Ninja,https://lineup.ninja,Advanced Speaker Management Software,"Software designed for conference producers, marketers, and operations teams to streamline speaker management and event planning.",SaaS,Not mentioned,,Streamlined content collection | Automated speaker communications | Speaker portal | Submission and review | Awards submissions,multi_strategy
Lineup Ninja,https://lineup.ninja,Easy Agenda Planning Tools,Tools for advanced agenda planning and scheduling for events.,SaaS,Not mentioned,,Smart drag-and-drop scheduler | Smart clash checking | Rule-based session scheduling | Lineup diversity reporting | Auto-scheduling tool,multi_strategy
Lineup Ninja,https://lineup.ninja,Painless Content Distribution,Platform for distributing event content across multiple channels and platforms.,SaaS,Not mentioned,,Mobile-first web app | Digital signage | Website publishing | Integrations with marketing and virtual event platforms | Exports and reports,multi_strategy
Lineup Ninja,https://lineup.ninja,Great Visitor Experience,Tools to enhance visitor experience during events.,SaaS,Not mentioned,,Mobile-first agenda web app | Web-based digital signage | Dynamic agenda updates in real time | Space for sponsors' logos | Accessible from any device,multi_strategy
Lineup Ninja,https://lineup.ninja,Integrations,Expand content capabilities with easy-to-implement integrations.,API,Not mentioned,,Expand content capabilities | Easy-to-implement integrations | Regularly updated integrations | Custom integration options,multi_strategy
Memento,https://event.memento.photo,Memento Photo Solution,An AI-powered solution for event photography that delivers photos to participants using facial recognition.,Service,Custom pricing available via demo or quote request,,AI-powered facial recognition for photo delivery | Individualized photo galleries for participants | Instant photo sharing and downloading | Customizable branding with event logos | Privacy-focused and secure photo management,multi_strategy
Memento,https://event.memento.photo,Photographer Partner Service,A complete turnkey service with partner photographers for events.,Service,Custom pricing available via quote request,,Access to partner photographers for events | Personalized and tailored service | End-to-end event photography management | Compatible with any event type | Customizable photo solutions,multi_strategy
Memento,https://event.memento.photo,Self-service Photo Solution,"A solution compatible with any photographer, requiring no specific equipment.",Service,Custom pricing available via quote request,,Works with any photographer globally | No specific equipment required | Simple link-based photo sharing | Easy setup and usage | Supports diverse event types,multi_strategy
Novum Live,https://novumlive.com,Detailed Design and Planning,Comprehensive event design and planning services tailored to client needs.,Service,Not mentioned,,Close collaboration with clients | Thorough site assessments | Detailed consultations | Bespoke technical solutions | Seamless integration with event design,multi_strategy
Novum Live,https://novumlive.com,Unparalleled Audio Quality,High-quality audio solutions using cutting-edge technology.,Service,Not mentioned,,Investment in Outline Audio technology | Patented Double Parabolic Reflective Waveguide (DPRWG) technology | Improved acoustical coupling for high-frequency modules | Superior far-field performance | Consistent and high-quality sound for large audiences,multi_strategy
Novum Live,https://novumlive.com,LED Display Technology,Versatile LED panel solutions for immersive visual experiences.,Service,Not mentioned,,Extensive stock of high-quality LED panels | Dynamic backdrops and stage designs | Interactive displays | Vibrant and crisp visuals | Seamless integration into event design,multi_strategy
Novum Live,https://novumlive.com,Creative Lighting Design,Innovative lighting solutions to enhance event atmosphere.,Service,Not mentioned,,Latest lighting technology and design principles | Cohesive and immersive atmosphere | Visually stunning and functional designs | Mood-setting and attention-directing | Enhances event theme and experience,multi_strategy
Novum Live,https://novumlive.com,Operational Efficiency,Streamlined operations for flawless event execution.,Service,Not mentioned,,Logistics planning | On-site execution | Well-coordinated processes | Swift adaptation to challenges | Adherence to timelines,multi_strategy
Novum Live,https://novumlive.com,Audio System Installations,Designing and installing audio systems tailored to the unique acoustics and architecture of each church.,Service,Paid,,Customised sound reinforcement systems | Clear and intelligible sound | Preservation of architectural integrity | Tailored for small chapels to large venues | Seamless integration with church design,multi_strategy
Novum Live,https://novumlive.com,Video System Installations,"Installation of modern video systems for projection of song lyrics, videos, and scripture while preserving traditional aesthetics.",Service,Paid,,Discreet projection systems | High-level or bell tower-mounted projectors | Electric retractable screens | Enhances worship experience with visual elements | Preserves traditional building aesthetics,multi_strategy
Novum Live,https://novumlive.com,Live Streaming Systems,Real-time live streaming solutions for churches to extend their message beyond physical walls.,Service,Paid,,Streaming via platforms like YouTube and Facebook Live | Custom integration with church websites | Expertise in secure and professional live streaming | Real-time sharing of worship services | Inclusive for remote participants,multi_strategy
Novum Live,https://novumlive.com,Ongoing Support and Maintenance,Exclusive maintenance packages to ensure AV systems remain in optimal condition.,Service,Paid,,Regular maintenance and servicing | Prompt issue resolution | Extends system life expectancy | Proactive approach to prevent future issues | Affordable maintenance packages,multi_strategy
Novum Live,https://novumlive.com,Annual Servicing and Reports,"Annual servicing for AV systems, including inspections, minor repairs, and detailed reports.",Service,Paid,,Inspection and testing of system components | Minor repairs during service visits | Detailed reports on system health | Early warning of potential issues | Financial planning for upgrades and repairs,multi_strategy
Novum Live,https://novumlive.com,Training and Advice,Training and guidance for church teams to effectively operate AV systems.,Service,Paid,,System induction training for Novum installations | In-depth training for volunteers | Improves AV operation skills | Tailored to church or venue needs | Enhances knowledge of AV principles,multi_strategy
One Tribe,https://onetribe.com,ECØ Impact,A solution to help businesses measure and manage their climate impact.,Platform,Not mentioned,,Measure climate impact | Manage carbon offsets | Support sustainability goals,multi_strategy
One Tribe,https://onetribe.com,ECØS Events,A service to help events offset emissions and drive sustainability.,Service,Not mentioned,,Offset event emissions | Promote sustainable practices | Engage stakeholders in climate action,multi_strategy
One Tribe,https://onetribe.com,ECØ Commerce,A solution for businesses to integrate sustainability into their e-commerce operations.,Platform,Not mentioned,,Offset shipping emissions | Promote sustainable products | Enhance customer satisfaction,multi_strategy
One Tribe,https://onetribe.com,Carbon Offset Projects,A portfolio of carbon offset projects to help businesses meet climate goals.,Service,Not mentioned,,Nature-based offsets and removals | Renewable energy projects | Biodiversity protection | Restoration projects | Science-based targets,multi_strategy
One Tribe,https://onetribe.com,Verified Impact Page,A tool to track and share climate impact with customers and stakeholders.,Platform,Not mentioned,,Track climate impact | Share impact with stakeholders | Increase customer satisfaction | Build brand loyalty | Engage stakeholders,multi_strategy
One Tribe,https://onetribe.com,Event Sustainability Services,Services to offset emissions and promote sustainability for events.,Service,Not mentioned,,Offset event emissions | Promote sustainable practices | Support event sustainability goals,multi_strategy
One Tribe,https://onetribe.com,Shipping and Manufacturing Sustainability Services,Services to offset the environmental footprint of shipping and manufacturing operations.,Service,Not mentioned,,Offset shipping emissions | Offset manufacturing emissions | Use nature-based solutions,multi_strategy
One Tribe,https://onetribe.com,High-Integrity Carbon Offset Portfolios,Customized portfolios of offsets and removals for businesses.,Service,Not mentioned,,High-integrity carbon offsets | Diversified portfolio | Nature-based solutions | Support sustainability goals,multi_strategy
One Tribe,https://onetribe.com,ECØ‑Commerce - Tree Protection App,Support climate action projects and sell more sustainably.,API,Not mentioned,Not mentioned,Integrate One Tribe's API into ecommerce stores in less than 10 minutes. | Send micro-donations to trusted climate projects with every transaction. | Track and showcase contributions' impact in real time. | Embed a real-time tree counter onto websites. | Customizable impact page to share sustainable efforts with customers.,multi_strategy
One Tribe,https://onetribe.com,Carbon Credits,Enable businesses to offset their carbon footprint and support climate projects.,Service,Not mentioned,Not mentioned,,multi_strategy
One Tribe,https://onetribe.com,Net Positive Events,"Tool for event organizers to measure, reduce, and offset event carbon footprint.",Service,Not mentioned,,Measure event carbon footprint | Reduce carbon emissions | Offset event carbon footprint,multi_strategy
One Tribe,https://onetribe.com,Climate Action API,Custom API to empower customers to take climate action directly from websites or eCommerce stores.,API,Not mentioned,,Integrate climate action into websites | Enable eCommerce stores to support climate action | Customizable API,multi_strategy
One Tribe,https://onetribe.com,Carbon Assessment,Service to assess the environmental impact of products and business activities with dedicated carbon experts.,Service,Not mentioned,,Environmental impact assessment | Dedicated carbon experts | Focus on products and business activities,multi_strategy
One Tribe,https://onetribe.com,Carbon Offsets,Purchase high-grade nature-based offsets certified by world leading registries.,Service,Not mentioned,,High-grade offsets | Nature-based solutions | Certified by leading registries,multi_strategy
One World Rental,https://oneworldrental.co.uk,iPad Rental,Rental service for iPads for events and corporate needs.,Service,Paid,,Latest iPad models available | Customised apps and configurations | Fast delivery worldwide | On-site support available | Cost-effective solutions,multi_strategy
One World Rental,https://oneworldrental.co.uk,Laptop Rental,Rental service for laptops and MacBooks for events and corporate needs.,Service,Paid,,Wide range of laptops and MacBooks | Customised software configurations | Same-day booking and delivery | Technical support available | Secure and reliable devices,multi_strategy
One World Rental,https://oneworldrental.co.uk,Printer Rental,Rental service for printers for various events and corporate settings.,Service,Paid,,High-quality printers available | Customised configurations | Fast and reliable delivery | Technical support available | Cost-effective solutions,multi_strategy
One World Rental,https://oneworldrental.co.uk,Audio Visual Equipment Rental,Rental service for a wide range of audio-visual equipment for events.,Service,Paid,,LED video walls available | Touchscreens and stands | High-quality audio systems | Customised setups | On-site support available,multi_strategy
One World Rental,https://oneworldrental.co.uk,Mobile Phones Rental,Rental service for mobile phones for events and corporate needs.,Service,Paid,,"Latest phone models available | Fast, reliable Wi-Fi connectivity | Customised apps and configurations | Quick global delivery | On-site support available",multi_strategy
One World Rental,https://oneworldrental.co.uk,Event & Festival Wi-Fi,Service providing secure and reliable internet connection for events and festivals.,Service,Paid,,Fast and secure internet connection | Supports large-scale events | Customised network setups | Technical support available | Cost-effective solutions,multi_strategy
One World Rental,https://oneworldrental.co.uk,EPOS Kits,Rental of EPOS kits for payment solutions at events.,Hardware,Paid,,Customised payment solutions | Integrated with event apps | Fast and reliable setup | Technical support available | Cost-effective solutions,multi_strategy
One World Rental,https://oneworldrental.co.uk,Microsoft Surface Pro Rental,Rental service for Microsoft Surface Pro devices for events and corporate needs.,Service,Paid,,Latest Surface Pro models available | Customised configurations | Fast delivery worldwide | On-site support available | Cost-effective solutions,multi_strategy
One World Rental,https://oneworldrental.co.uk,iMac Rental,Rental service for iMacs for events and corporate needs.,Service,Paid,,Latest iMac models available | Pre-installed files and software | Secure network configurations | Fast delivery worldwide | On-site support available,multi_strategy
One World Rental,https://oneworldrental.co.uk,Customised Apps and Software Solutions,Development and installation of customised apps and software for events.,Service,Paid,,Customised apps for events | Brand-consistent designs | Features like voting and check-in | Tailored to event requirements | Professional installation,multi_strategy
One World Rental,https://oneworldrental.co.uk,Event Technology Hire,"Comprehensive event technology hire solutions including hardware, software, and technical services.",Service,Paid,,Premium hardware from top brands | Bespoke software solutions | Wi-Fi installation | On-site technical services | Global delivery within 24 hours,multi_strategy
One World Rental,https://oneworldrental.co.uk,iPad Pro 12.9,"Powerful iPad Pro model for presentations, interactive tasks, and mobile workflows.",Hardware,Request a quote,,12.9-inch display | Advanced features and exceptional speed | Pre-installed apps | Perfect for tradeshows and events | Reliable performance,multi_strategy
One World Rental,https://oneworldrental.co.uk,iPad Pro 10.5,Compact and high-performance iPad Pro model for events and mobile workflows.,Hardware,Request a quote,,10.5-inch display | Advanced features and exceptional speed | Pre-installed apps | Perfect for interactive tasks and presentations | Reliable performance,multi_strategy
One World Rental,https://oneworldrental.co.uk,iPad Mini 5,"Compact and efficient iPad Mini model for managing tasks, presentations, and productivity.",Hardware,Request a quote,,Portable design | Powerful features | Ideal for short-term rental | Perfect for business events | Reliable performance,multi_strategy
One World Rental,https://oneworldrental.co.uk,iPad Mini 4,"Compact and efficient iPad Mini model for managing tasks, presentations, and productivity.",Hardware,Request a quote,,Portable design | Powerful features | Ideal for short-term rental | Perfect for business events | Reliable performance,multi_strategy
One World Rental,https://oneworldrental.co.uk,iPad 10th Gen 10.9” WiFi,"Reliable iPad model for corporate meetings, tradeshows, and presentations.",Hardware,Request a quote,,10.9-inch display | WiFi connectivity | Reliable performance | Flexible rental options | Ideal for events,multi_strategy
One World Rental,https://oneworldrental.co.uk,iPad 10th Gen 10.9” WiFi + Cell,"Reliable iPad model with WiFi and cellular connectivity for corporate meetings, tradeshows, and presentations.",Hardware,Request a quote,,10.9-inch display | WiFi and cellular connectivity | Reliable performance | Flexible rental options | Ideal for events,multi_strategy
One World Rental,https://oneworldrental.co.uk,iPad 9th Gen 10.2” WiFi,"Reliable iPad model for corporate meetings, tradeshows, and presentations.",Hardware,Request a quote,,10.2-inch display | WiFi connectivity | Reliable performance | Flexible rental options | Ideal for events,multi_strategy
One World Rental,https://oneworldrental.co.uk,iPad 9th Gen 10.2” WiFi + Cell,"Reliable iPad model with WiFi and cellular connectivity for corporate meetings, tradeshows, and presentations.",Hardware,Request a quote,,10.2-inch display | WiFi and cellular connectivity | Reliable performance | Flexible rental options | Ideal for events,multi_strategy
One World Rental,https://oneworldrental.co.uk,iPad 8th Gen WiFi,"Reliable iPad model for corporate meetings, tradeshows, and presentations.",Hardware,Request a quote,,WiFi connectivity | Reliable performance | Flexible rental options | Ideal for events | Tested and approved devices,multi_strategy
One World Rental,https://oneworldrental.co.uk,iPad 8th Gen WiFi + Cell,"Reliable iPad model with WiFi and cellular connectivity for corporate meetings, tradeshows, and presentations.",Hardware,Request a quote,,WiFi and cellular connectivity | Reliable performance | Flexible rental options | Ideal for events | Tested and approved devices,multi_strategy
One World Rental,https://oneworldrental.co.uk,iPad 7th Gen 10.2” WiFi,"Reliable iPad model for corporate meetings, tradeshows, and presentations.",Hardware,Request a quote,,10.2-inch display | WiFi connectivity | Reliable performance | Flexible rental options | Ideal for events,multi_strategy
One World Rental,https://oneworldrental.co.uk,iPad 7th Gen 10.2” WiFi + Cell,"Reliable iPad model with WiFi and cellular connectivity for corporate meetings, tradeshows, and presentations.",Hardware,Request a quote,,10.2-inch display | WiFi and cellular connectivity | Reliable performance | Flexible rental options | Ideal for events,multi_strategy
One World Rental,https://oneworldrental.co.uk,iPad 6th Gen 9.7” WiFi,"Reliable iPad model for corporate meetings, tradeshows, and presentations.",Hardware,Request a quote,,9.7-inch display | WiFi connectivity | Reliable performance | Flexible rental options | Ideal for events,multi_strategy
One World Rental,https://oneworldrental.co.uk,iPad 6th Gen 9.7” WiFi + Cell,"Reliable iPad model with WiFi and cellular connectivity for corporate meetings, tradeshows, and presentations.",Hardware,Request a quote,,9.7-inch display | WiFi and cellular connectivity | Reliable performance | Flexible rental options | Ideal for events,multi_strategy
One World Rental,https://oneworldrental.co.uk,iPad Stand Rental,Rental service for iPad stands to enhance event setups.,Service,Request a quote,,Heckler Stand | Space 360 Stand | Branded iPad cases | Kensington Lock | Customised bundles,multi_strategy
One World Rental,https://oneworldrental.co.uk,Giant Tablet Rental,Rental service for giant tablets for events and presentations.,Service,Request a quote,,Large display tablets | Ideal for presentations | Customised solutions | Global delivery | Technical assistance,multi_strategy
One World Rental,https://oneworldrental.co.uk,iPhone Rental,Rental service for iPhones for events and conferences.,Service,Request a quote,,Wide selection of iPhones | Customised solutions | Global delivery | Tested and approved devices | Technical assistance,multi_strategy
One World Rental,https://oneworldrental.co.uk,IT Rental Services,"Comprehensive IT rental services including iPhones, laptops, printers, scanners, touch screens, EPOS systems, and more.",Service,Request a quote,,Customised technological solutions | Global delivery | Wide selection of IT equipment | Technical assistance | Flexible rental terms,multi_strategy
One World Rental,https://oneworldrental.co.uk,MacBook Pro Rental,Rental of MacBook Pro laptops for business and event needs.,Hardware,Get a quote,,High-performance laptops | Pre-configured and virus-free | Ideal for data analysis and presentations | Short-term and long-term rental options | Fast delivery and setup,multi_strategy
One World Rental,https://oneworldrental.co.uk,HP Laptop Rental,Rental of HP laptops for business and event needs.,Hardware,Get a quote,,High-performance laptops | Pre-configured and virus-free | Ideal for data analysis and presentations | Short-term and long-term rental options | Fast delivery and setup,multi_strategy
One World Rental,https://oneworldrental.co.uk,Dell Laptop Rental,Rental of Dell laptops for business and event needs.,Hardware,Get a quote,,High-performance laptops | Pre-configured and virus-free | Ideal for data analysis and presentations | Short-term and long-term rental options | Fast delivery and setup,multi_strategy
One World Rental,https://oneworldrental.co.uk,Lenovo Laptop Rental,Rental of Lenovo laptops for business and event needs.,Hardware,Get a quote,,High-performance laptops | Pre-configured and virus-free | Ideal for data analysis and presentations | Short-term and long-term rental options | Fast delivery and setup,multi_strategy
One World Rental,https://oneworldrental.co.uk,Gaming Laptop Rental,Rental of high-performance gaming laptops for business and event needs.,Hardware,Get a quote,,High-performance laptops | Pre-configured and virus-free | Ideal for gaming and high-performance tasks | Short-term and long-term rental options | Fast delivery and setup,multi_strategy
One World Rental,https://oneworldrental.co.uk,Wifi Rental,High-speed WiFi rental for events and festivals.,Service,Get a quote,,High-speed internet | Reliable connectivity | Ideal for events and festivals | Flexible rental periods | 24/7 support,multi_strategy
One World Rental,https://oneworldrental.co.uk,Barcode Scanner Rental,Rental of barcode scanners for events and business needs.,Hardware,Get a quote,,High-performance barcode scanners | Ideal for events and business needs | Flexible rental periods | Fast delivery and setup | 24/7 support,multi_strategy
One World Rental,https://oneworldrental.co.uk,Audio Visual Rental,Rental of audio-visual equipment for events and conferences.,Service,Get a quote,,Advanced AV equipment | Ideal for conferences and events | Flexible rental periods | Fast delivery and setup | 24/7 support,multi_strategy
One World Rental,https://oneworldrental.co.uk,Event & Festival WiFi,High-speed WiFi solutions for events and festivals.,Service,Get a quote,,Reliable high-speed internet | Customised solutions for events | Flexible rental periods | 24/7 support | Quick setup,multi_strategy
One World Rental,https://oneworldrental.co.uk,Tablet Rental,"Reliable tablet rental solutions including iPads, Windows tablets, and more, pre-configured with required software.",Service,Request a quote,,Sleek iPads and versatile Windows tablets | Ideal for corporate events and gatherings | Reliable technology with fast delivery and setup | Flexible rental options | Pre-configured devices with required software,multi_strategy
One World Rental,https://oneworldrental.co.uk,Tablet Stands and Locks,Range of tablet stands and locks for secure and professional event setups.,Hardware,Request a quote,,Space 360 iPad Stand | Heckler Stand | MoonBase Stand | Quadstand for Multiple iPads | Tripod and Desktop Stands,multi_strategy
One World Rental,https://oneworldrental.co.uk,Event Staffing Services,Professional staffing services for events to ensure smooth operations.,Service,Request a quote,,Trained event staff | Technical assistance | Flexible staffing solutions | Expert support for event management | Global reach and availability,multi_strategy
One World Rental,https://oneworldrental.co.uk,Event WiFi Rental,WiFi rental services for seamless internet connectivity at events.,Service,Request a quote,,Reliable wireless networking | Satellite internet options | Fast worldwide delivery | Tested and approved devices | Customised solutions for events,multi_strategy
One World Rental,https://oneworldrental.co.uk,AV Rental Services,Audio-visual equipment rental services for events.,Service,Request a quote,,High-quality AV equipment | Customised setups for events | Technical support included | Fast delivery and setup | Wide range of options available,multi_strategy
Pigeonhole,https://pigeonholelive.com,Pigeonhole Live,"A complete audience engagement platform for conferences, town halls, webinars, and more.",Platform,"Get started for free; Annual meeting plans, Annual event plans, One-time event plans",,Q&A with AI translation and filtering | Multiple-choice questions and rating polls | Word clouds for real-time audience input | Interactive quizzes for engagement | Chat for instant messaging and community building,multi_strategy
Pigeonhole,https://pigeonholelive.com,Q&A,Allows audience to ask questions in their language with AI translation and vote on important topics.,Feature,Included in platform,https://www.pigeonholelive.com,"AI translation for multilingual questions | Audience voting on questions | Question filtering for focused discussions | Real-time engagement | Supports in-person, online, or hybrid events",multi_strategy
Pigeonhole,https://pigeonholelive.com,Multiple-Choice Questions & Rating Polls,"Engage audiences with multiple-choice questions, word clouds, or rating polls.",Feature,Included in platform,https://www.pigeonholelive.com,Multiple-choice questions | Rating polls | Real-time response display | Audience engagement | Supports hybrid events,multi_strategy
Pigeonhole,https://pigeonholelive.com,Word Clouds,"Transforms audience input into colorful, dynamic word clouds in real time.",Feature,Included in platform,https://www.pigeonholelive.com,Real-time word cloud generation | Visual representation of audience input | Interactive and engaging | Supports hybrid events | Customizable display,multi_strategy
Pigeonhole,https://pigeonholelive.com,Quiz,Interactive quizzes to test audience knowledge and boost engagement.,Feature,Included in platform,https://www.pigeonholelive.com,Interactive questions | Friendly competition | Boosts energy between sessions | Real-time feedback | Supports hybrid events,multi_strategy
Pigeonhole,https://pigeonholelive.com,Chat,Instant messaging for in-person and online participants to share ideas and create community.,Feature,Included in platform,https://www.pigeonholelive.com,Instant messaging | Supports in-person and online participants | Real-time reactions | Community building | Interactive engagement,multi_strategy
Pigeonhole,https://pigeonholelive.com,Reactions,Audience can express feelings with emoticons on the big screen for instant feedback.,Feature,Included in platform,https://www.pigeonholelive.com,Emoticon reactions | Real-time feedback | Supports hybrid events | Interactive engagement | Visual representation of audience sentiment,multi_strategy
Pigeonhole,https://pigeonholelive.com,Custom Branding,Customizable branding tools to create a unique event experience.,Feature,Included in platform,https://www.pigeonholelive.com,Add logos and sponsor logos | Create themes | Custom fonts and images | Event personalization | Enhanced branding,multi_strategy
Pigeonhole,https://pigeonholelive.com,Insights and Analytics,Collect valuable data from audience interactions and export insights for better decision-making.,Feature,Included in platform,https://www.pigeonholelive.com,Data collection from audience interactions | Export insights to PDF or Excel | Understand audience sentiment | Spot key themes | Actionable insights,multi_strategy
Pigeonhole,https://pigeonholelive.com,API,Custom API for seamless integration with platforms and data warehouses.,API,Included in platform,https://www.pigeonholelive.com,Custom integrations | Data synchronization | Automated setup | Efficient workflows | Supports hybrid platforms,multi_strategy
PreMagic,https://premagic.com,AI-powered Photo Distribution,"Finds and shares the best event photos instantly, allowing attendees to relive and share their favorite moments.",Platform,Not mentioned,,Instant photo sharing | AI-powered selection of best shots | Enhances attendee engagement | Supports social media sharing | Boosts event visibility,multi_strategy
PreMagic,https://premagic.com,Event Advocacy Posters,"Creates automatic, personalized posters for attendees, speakers, and exhibitors to drive registrations and event advocacy.",Platform,Not mentioned,,Personalized posters | Automatic generation | Empowers attendees as advocates | Boosts event registrations | Enhances branding,multi_strategy
PreMagic,https://premagic.com,Registration with Face Check-in,"Streamlines event registration with multi-zone face check-in, badge generation, and swag tracking.",Platform,Not mentioned,,Face ID check-in | QR code check-in | Badge generation | Swag tracking | Reduces wait time,multi_strategy
PreMagic,https://premagic.com,Avatar Studio,Engages attendees with fun and personalized AI avatars that are share-worthy.,Platform,Not mentioned,,Personalized AI avatars | Fun and engaging content | Share-worthy designs | Boosts attendee interaction | Enhances brand visibility,multi_strategy
PreMagic,https://premagic.com,Ripple - Smart Networking,Helps attendees connect easily by tapping on faces in the photo gallery.,Platform,Not mentioned,,Smart networking | Photo gallery interaction | Easy attendee connections | Enhances event networking | Supports organic engagement,multi_strategy
PreMagic,https://premagic.com,Sponsored Content,Boosts brand awareness and exposure for event sponsors.,Platform,Not mentioned,,Brand awareness | Sponsor exposure | Event-specific content | Supports sponsorship ROI | Customizable branding,multi_strategy
PreMagic,https://premagic.com,Sparks - UGC Booster,Extends the life of the event and revives engagement with curated event highlights.,Platform,Not mentioned,,Curated event highlights | Boosts user-generated content | Revives post-event engagement | Extends event visibility | Supports organic marketing,multi_strategy
PreMagic,https://premagic.com,Digital Asset Management,"Stores, organizes, and searches for past event photos using face recognition technology.",Platform,Not mentioned,,Photo storage | Organized asset management | Face recognition search | Easy retrieval of past photos | Supports event planning,multi_strategy
Silent Seminars,,No products found,,,,,,none
BeCause,,No products found,,,,,,none
Event Tech Live,,No products found,,,,,,none
Event Technology Awards,,No products found,,,,,,none
Event Industry News (EIN),https://www.eventindustrynews.com,Event Industry News Supplier Directory,"A directory where event organizers, planners, and brands can search for suppliers, venues, and technology solutions.",Service,Paid,https://www.eventindustrynews.com/directory,"Over 10,500 searches per month | Connects event buyers with suppliers | Covers a wide range of categories including venues, technology, and services | Opportunity to list your company | Generates leads for businesses",multi_strategy
Event Industry News (EIN),https://www.eventindustrynews.com,Event Tech Live,An event focused on showcasing the latest in event technology.,Event,Not mentioned,,Focuses on event technology innovations | Networking opportunities with industry professionals | Showcases new tools and solutions | Educational sessions and panels | Global audience reach,multi_strategy
Event Industry News (EIN),https://www.eventindustrynews.com,Event Technology Awards,Awards recognizing excellence in event technology.,Event,Not mentioned,,Celebrates innovation in event technology | Recognizes outstanding technology solutions | Global participation | Categories covering various aspects of event tech | Prestigious recognition in the industry,multi_strategy
Event Industry News (EIN),https://www.eventindustrynews.com,Event Sustainability Live,An event dedicated to promoting sustainability in the event industry.,Event,Not mentioned,,Focus on sustainable practices | Networking with sustainability experts | Showcases eco-friendly solutions | Educational sessions on sustainability | Promotes green initiatives in events,multi_strategy
